,Androidauthority.com,From OnePlus 6T to OnePlus One: A week with a 5-year-old phone,https://www.androidauthority.com/oneplus-one-2019-revisit-976552/,2019-04-23T12:45:23Z,AMD,0
,Adafruit.com,"ICYMI: Python snakes its way to Codecademy, beta 7, games, calculators, turning 6 and more! #Python #Adafruit #CircuitPython @circuitpython @micropython @ThePSF @Adafruit",https://blog.adafruit.com/2019/04/17/icymi-python-snakes-its-way-to-codecademy-beta-7-games-calculators-turning-6-and-more-python-adafruit-circuitpython-circuitpython-micropython-thepsf-adafruit/,2019-04-17T13:30:00Z,AMD,0
,Seekingalpha.com,Intel Earnings Are Not What They Seem To Be,https://seekingalpha.com/article/4257738-intel-earnings-seem,2019-04-29T17:52:23Z,AMD,0
,Business2community.com,Top 10 Future UX Trends Adopted By Google,https://www.business2community.com/mobile-apps/top-10-future-ux-trends-adopted-by-google-02192757,2019-04-18T15:21:35Z,AMD,0
,Sciencedaily.com,Need more energy storage? Just hit 'print',https://www.sciencedaily.com/releases/2019/04/190417084556.htm,2019-04-17T12:45:56Z,AMD,0
,Addictivetips.com,How to Stop Email Tracking with a VPN,https://www.addictivetips.com/vpn/stop-email-tracking/,2019-04-21T01:59:45Z,AMD,0
,Fool.com,Everything Investors Need to Know About the War on Cash,https://www.fool.com/investing/2019/04/30/everything-investors-need-to-know-about-the-war-on.aspx,2019-04-30T20:37:00Z,AMD,0
,The-ebook-reader.com,2019 Kindle with Frontlight Review and Video Walkthrough,https://blog.the-ebook-reader.com/2019/04/20/2019-kindle-with-frontlight-review-and-video-walkthrough/,2019-04-20T16:01:38Z,AMD,0
,Highscalability.com,"Stuff The Internet Says On Scalability For April 26th, 2019",http://highscalability.com/blog/2019/4/26/stuff-the-internet-says-on-scalability-for-april-26th-2019.html?utm_source=feedburner&utm_medium=feed&utm_campaign=Feed%3A+HighScalability+%28High+Scalability%29,2019-04-26T16:33:25Z,AMD,0
,Phys.org,Need more energy storage? Just hit 'print',https://phys.org/news/2019-04-energy-storage.html,2019-04-17T09:43:18Z,AMD,0
,Amazon.com,Improve clinical trial outcomes by using AWS technologies,https://aws.amazon.com/blogs/big-data/improve-clinical-trial-outcomes-by-using-aws-technologies/,2019-04-11T16:30:11Z,AMD,0
,Razorsocial.com,Artificial Intelligence: A Modern Approach to Marketing,https://www.razorsocial.com/artificial-intelligence-a-modern-approach-to-marketing/,2019-04-17T17:35:44Z,AMD,0
,Dcrainmaker.com,Wahoo ELEMENT ROAM Cycling GPS In-Depth Review,https://www.dcrainmaker.com/2019/05/wahoo-element-roam-cycling-gps-in-depth-review.html,2019-05-01T08:31:00Z,AMD,0
,Kuwaittimes.net,"Kaspersky Lab spotlights cybersecurity trends in the Middle East, Turkey, Africa - Kuwait Times",https://news.kuwaittimes.net/website/kaspersky-lab-spotlights-cybersecurity-trends-in-the-middle-east-turkey-africa/,2019-05-04T20:54:00Z,AMD,0
,Gearpatrol.com,The 7 Best Car Infotainment Systems You Can Buy,https://gearpatrol.com/2019/04/23/the-7-best-car-infotainment-systems-you-can-buy/,2019-04-23T11:06:00Z,AMD,0
,Eurekalert.org,Need more energy storage? Just hit 'print',https://www.eurekalert.org/pub_releases/2019-04/du-nme041519.php,2019-04-17T04:00:00Z,AMD,0
,Us-cert.gov,"SB19-105: Vulnerability Summary for the Week of April 8, 2019",https://www.us-cert.gov/ncas/bulletins/SB19-105,2019-04-15T10:50:02Z,AMD,0
,Plos.org,Ten quick tips for using a Raspberry Pi,https://journals.plos.org/ploscompbiol/article?id=10.1371/journal.pcbi.1006959,2019-05-02T17:41:17Z,AMD,0
,Securityinfowatch.com,How do we make the Internet real again?,https://www.securityinfowatch.com/cybersecurity/information-security/article/21073175/how-do-we-make-the-internet-real-again,2019-04-05T19:34:00Z,AMD,0
,Us-cert.gov,"SB19-098: Vulnerability Summary for the Week of April 1, 2019",https://www.us-cert.gov/ncas/bulletins/SB19-098,2019-04-08T10:32:22Z,AMD,0
,Time,These 6 Tips and Tricks Will Revolutionize Your Instagram Story Game,http://time.com/5564548/instagram-story-tips-tricks/,2019-04-08T10:00:08Z,SNAP,0
,Thisisinsider.com,Police and corrections officers across the country are facing backlash over inappropriate 'Feeling Cute' challenge posts,https://www.thisisinsider.com/police-face-backlash-over-feeling-cute-challenge-posts-2019-4,2019-04-17T19:16:00Z,SNAP,0
,Cnet.com,"Libraries lean on Twitter, Facebook and Instagram to reel you in - CNET",https://www.cnet.com/news/libraries-lean-on-twitter-facebook-and-instagram-to-reel-you-in/,2019-04-11T12:00:14Z,SNAP,0
,Forbes.com,Now Shopify Users Can Easily Advertise On Snapchat...And Other Small Business Tech News This Week,https://www.forbes.com/sites/quickerbettertech/2019/05/05/now-shopify-users-can-easily-advertise-on-snapchat-and-other-small-business-tech-news-this-week/,2019-05-05T11:00:00Z,SNAP,0
,Gsmarena.com,Snapchat introduces Snap Games and Snap Originals programs,https://www.gsmarena.com/snapchat_introduces_snap_games_and_snap_originals_programs-news-36401.php,2019-04-05T03:30:01Z,SNAP,0
,Insider.com,"How to sext as safely as possible, according to experts",https://www.insider.com/how-to-sext-safely-experts-2019-4,2019-04-30T20:44:59Z,SNAP,0
,Socialmediaexaminer.com,26 Mobile and Desktop Tools for Marketers,https://www.socialmediaexaminer.com/26-mobile-desktop-tools-marketers/,2019-04-22T10:00:20Z,SNAP,0
,Socialmediaexaminer.com,A 6-Step Workflow to Create Video for Multiple Platforms,https://www.socialmediaexaminer.com/6-step-workflow-create-video-multiple-platforms/,2019-05-01T10:00:48Z,SNAP,0
,Digg.com,What Messaging Apps Do We Secretly Use To Chat At Work?,http://digg.com/2019/messaging-apps-use-at-work,2019-04-22T12:40:51Z,SNAP,0
,Cracked.com,5 Horrifying Things Delivery Drivers Get Caught Doing,https://www.cracked.com/blog/5-horrifying-things-delivery-drivers-get-caught-doing,2019-04-10T07:00:00Z,SNAP,0
,Androidauthority.com,"Recognize text, faces and landmarks: Adding Machine Learning to your Android apps",https://www.androidauthority.com/recognize-text-faces-and-landmarks-adding-machine-learning-to-your-android-apps-970100/,2019-04-07T08:00:32Z,SNAP,0
,Digiday.com,How publishers are using Snapchat’s curated stories tool for breaking news and more,https://digiday.com/media/snapchats-stories-tool-provides-easier-way-reach-audience/,2019-04-18T04:01:42Z,SNAP,0
,Blogspot.com,Do Tech Companies Need To Step Up Their Accessibility Game?,https://theinnovativeeducator.blogspot.com/2019/04/do-tech-companies-need-to-step-up-their.html,2019-04-14T11:30:00Z,SNAP,0
,People.com,"N.J. English Teacher, 30, Admits Sending Explicit Photos, Messages to 16-Year-Old Boy",https://people.com/crime/n-j-english-teacher-30-admits-sending-explicit-photos-messages-to-16-year-old-boy/,2019-04-11T18:15:51Z,SNAP,0
,Phonescoop.com,Snapchat Adds Multiplayer Gaming,https://www.phonescoop.com/articles/article.php?a=21691,2019-04-05T15:56:39Z,SNAP,0
,Snopes.com,"Is a Sex-Trafficking Ring Adding Girls on Snapchat to Easily Locate, Kidnap Them?",https://www.snopes.com/fact-check/sex-trafficking-girls-snapchat/,2019-04-25T00:53:46Z,SNAP,0
,Forbes.com,"Social Media Roundup: Facebook To Explain News Feed Choices, Snap Partner Summit, WhatsApp Business",https://www.forbes.com/sites/amitchowdhry/2019/04/07/social-media-roundup-facebook-to-explain-news-feed-choices-snap-partner-summit-whatsapp-business/,2019-04-07T22:00:00Z,SNAP,0
,Adweek.com,Snapchat: Here’s How to Share Memories in Chat,https://www.adweek.com/digital/snapchat-heres-how-to-share-memories-in-chat/,2019-05-03T14:25:27Z,SNAP,0
,Forbes.com,How Emerging Technologies Are Offering A Different Future For History,https://www.forbes.com/sites/paularmstrongtech/2019/04/28/how-emerging-technologies-are-offering-a-different-future-for-history/,2019-04-28T14:48:00Z,SNAP,0
,Slashfilm.com,"Road to Endgame: ‘Spider-Man: Homecoming’ is a Great ‘Iron Man 4,’ But a Middling Spidey Movie",https://www.slashfilm.com/spider-man-homecoming-revisited-road-to-endgame/,2019-04-15T15:00:20Z,SNAP,0
,Espn.com,Tom Brady’s connection with Tyler Vrabel reflects passage of time,http://www.espn.com/blog/boston/new-england-patriots/post/_/id/4817497/tom-bradys-connection-with-tyler-vrabel-reflects-passage-of-time,2019-05-05T13:09:43Z,SIRI,0
,People.com,Gage Edward Is Leaving Ex Jeff Lewis's Design Firm 3 Months After Their Split,https://people.com/home/gage-edward-is-leaving-ex-jeff-lewiss-design-firm-3-months-after-their-split/,2019-05-01T17:46:06Z,SIRI,0
,Dailydot.com,Lisa Ann says Equinox trainer looked up her number and sent her a creepy text,https://www.dailydot.com/irl/lisa-ann-equinox-sexual-harassment/,2019-04-17T18:01:07Z,SIRI,0
,Radaronline.com,‘RHOA’ Star Porsha Williams Sends Cease & Desist To NeNe Leakes After Feud,https://radaronline.com/exclusives/2019/04/rhoa-porsha-williams-sent-nene-leakes-cease-desist-letter/,2019-04-29T22:10:13Z,SIRI,0
,Slickdeals.net,Nokia 3310 Unlocked GSM Cell Phone + $40 Cricket Refill Card & More $60 + Free Shipping,https://slickdeals.net/f/13057303-nokia-3310-unlocked-gsm-cell-phone-40-cricket-refill-card-more-60-free-shipping,2019-05-03T01:06:22Z,SIRI,0
,Buzzfeednews.com,A Former White Nationalist’s Message: “Get Out While You Can.”,https://www.buzzfeednews.com/article/rosiegray/katie-mchugh,2019-05-02T01:37:24Z,SIRI,0
,Slickdeals.net,Nokia unlocked 3310 phone with 3 months prepaid mint SIM card with 40 cricket wireless refill,https://slickdeals.net/f/13057303-nokia-unlocked-3310-phone-with-3-months-prepaid-mint-sim-card-with-40-cricket-wireless-refill,2019-05-03T01:06:22Z,SIRI,0
,Provideocoalition.com,NAB 2019: Autonomous Cars and Amazing Experiences,https://www.provideocoalition.com/nab-panel-autonomous-cars-and-amazing-experiences/,2019-04-23T14:41:12Z,SIRI,0
,Slickdeals.net,32GB Motorola Moto G6 Unlocked Smartphone (Refurb) + $40 Cricket Wireless Card $124.99 & More + Free S/H,https://slickdeals.net/f/13061272-32gb-motorola-moto-g6-unlocked-smartphone-refurb-40-cricket-wireless-card-124-99-more-free-s-h,2019-05-05T03:47:09Z,SIRI,0
,Techhive.com,"Astell&Kern KANN Cube high-res digital audio player review: Astonishing performance, with a price tag to match",https://www.techhive.com/article/3391197/astellkern-kann-cube-review.html,2019-04-26T00:00:00Z,SIRI,0
,Espn.com,Tom Brady's connection with Tyler Vrabel reflects passage of time,http://www.espn.com/blog/new-england-patriots/post/_/id/4817497/tom-bradys-connection-with-tyler-vrabel-reflects-passage-of-time,2019-05-05T04:00:49Z,SIRI,0
,Seekingalpha.com,iHeartMedia IPO: It Could Emerge From Chapter 11 In Q4 2019,https://seekingalpha.com/article/4253938-iheartmedia-ipo-emerge-chapter-11-q4-2019,2019-04-11T13:55:00Z,SIRI,0
,Nba.com,David Griffin continues to fulfill lifelong dream,https://www.nba.com/pelicans/david-griffin-continues-fulfill-lifelong-dream,2019-04-24T19:50:43Z,SIRI,0
,TechCrunch,Twitter acquihires highlight sharing app Highly,http://techcrunch.com/2019/04/17/twitter-highly/,2019-04-17T18:19:18Z,TWTR,0
,Gizmodo.com,Devin Nunes' Lawyers Falsely Claim Reporter Bolded 'Cocaine' and 'Woman' in Tweet to Be Extra Mean,https://gizmodo.com/devin-nunes-lawyers-falsely-claim-reporter-bolded-cocai-1833901776,2019-04-09T13:33:00Z,TWTR,0
,Mashable,Twitter adds option to report attempts to mislead voters,https://mashable.com/article/twitter-reporting-feature-misleading-voting-elections/,2019-04-24T15:20:30Z,TWTR,0
,The New York Times,Best of Late Night: Stephen Colbert Is Not a Fan of the Attorney General,https://www.nytimes.com/2019/05/02/arts/television/stephen-colbert-attorney-general-william-barr.html,2019-05-02T07:51:09Z,TWTR,0
,Gizmodo.com,How to Sign In to Twitter,https://gizmodo.com/how-to-sign-in-to-twitter-1834253488,2019-04-23T22:10:00Z,TWTR,0
,Engadget,The Morning After: The Weather Channel got hacked,https://www.engadget.com/2019/04/19/the-morning-after/,2019-04-19T10:35:00Z,TWTR,0
,Lifehacker.com,"Block Spoilers for Avengers, Game of Thrones, and Star Wars With These Tools",https://lifehacker.com/block-spoilers-for-avengers-game-of-thrones-and-star-1834056733,2019-04-24T17:00:00Z,TWTR,0
,TechCrunch,Mueller report details the evolution of Russia’s troll farm as it began targeting US politics,http://techcrunch.com/2019/04/18/mueller-report-ira-internet-research-agency/,2019-04-18T19:17:46Z,TWTR,0
,The Verge,"Smart glasses company North announces new, essential features for Focals",https://www.theverge.com/2019/4/6/18297281/north-focals-smart-glasses-update-software-spotify-navigation-features,2019-04-06T14:30:00Z,TWTR,0
,BBC News,Avicii's first posthumous track to drop next week,https://www.bbc.co.uk/news/entertainment-arts-47833554,2019-04-05T16:56:34Z,TWTR,0
,The New York Times,Jorge Ramos: AMLO Is Not Our Boss,https://www.nytimes.com/2019/04/17/opinion/jorge-ramos-lopez-obrador.html,2019-04-18T00:00:03Z,TWTR,0
,Mashable,This moving fan story about George R.R. Martin will make you tear up,https://mashable.com/article/game-of-thrones-george-rr-martin-fan-story-dan-fogelman-twitter-thread/,2019-04-15T18:24:41Z,TWTR,0
,BBC News,Trump's video tweet using Batman music removed due to copyright,https://www.bbc.co.uk/news/world-us-canada-47878038,2019-04-10T08:55:07Z,TWTR,0
,Mashable,'What if we kissed' memes have people fantasizing about making out in odd places,https://mashable.com/article/what-if-we-kissed-meme-explained/,2019-04-10T18:05:13Z,TWTR,0
,The New York Times,"Kim Foxx Worried Her Office Was Too Hard on Jussie Smollett, Messages Show",https://www.nytimes.com/2019/04/17/us/kim-foxx-emails-texts.html,2019-04-17T19:55:57Z,TWTR,0
,CNN,Florida Legislature passes ban on sanctuary cities,https://www.cnn.com/2019/05/02/politics/florida-legislature-sanctuary-city-ban/index.html,2019-05-03T01:57:21Z,TWTR,0
,Mashable,Why so many people type 'lol' with a straight face: An investigation,https://mashable.com/article/why-do-people-type-lol-when-they-arent-laughing-out-loud/,2019-04-05T10:00:00Z,TWTR,0
,Cnet.com,Reggie Fils-Aime launches Twitter account on his last day at Nintendo - CNET,https://www.cnet.com/news/reggie-fils-aime-launches-twitter-account-on-his-last-day-at-nintendo/,2019-04-15T21:20:33Z,TWTR,0
,Mashable,Let's just call Donald Trump's Kentucky Derby tweet performance art,https://mashable.com/article/donald-trump-kentucky-derby-tweet-kentuky/,2019-05-05T15:00:45Z,TWTR,0
,BBC News,EU wrangles over law to tackle spread of terror online,https://www.bbc.co.uk/news/world-europe-47962394,2019-04-17T17:30:50Z,TWTR,0
,Gizmodo.com,Asus Basically Overhauled Its Entire Gaming Laptop Lineup With Faster Everything,https://gizmodo.com/asus-basically-overhauled-its-entire-gaming-laptop-line-1834214408,2019-04-23T13:00:00Z,NVDA,0
,Engadget,The Morning After: 'Star Wars' and Coachella,https://www.engadget.com/2019/04/13/the-morning-after/,2019-04-13T12:45:00Z,NVDA,0
,Forbes.com,Manjaro 18 Linux Gaming Report: This Is The Desktop Linux Distro To Beat,https://www.forbes.com/sites/jasonevangelho/2019/04/08/manjaro-18-linux-gaming-report-this-is-the-desktop-linux-distro-to-beat/,2019-04-08T13:40:00Z,NVDA,0
,Geek.com,Artificial Intelligence Created An Entirely New Sport,https://www.geek.com/tech/artificial-intelligence-created-an-entirely-new-sport-1782989/,2019-04-15T12:29:50Z,NVDA,0
,Fool.com,5 Reasons Why Investors Should Believe the Artificial Intelligence Hype,https://www.fool.com/investing/2019/04/13/reasons-investors-believe-artificial-intelligence.aspx,2019-04-13T11:15:00Z,NVDA,0
,Usesthis.com,Eugen Rochko,https://usesthis.com/interviews/eugen.rochko/,2019-04-25T00:00:00Z,NVDA,0
,Moneycontrol.com,"Qualcomm aims to take on Nvidia, Intel with new AI chips",https://www.moneycontrol.com/news/world/qualcomm-aims-to-take-on-nvidia-intel-with-new-ai-chips-3796331.html,2019-04-10T02:20:02Z,NVDA,0
,IGN,Viotek GFT27DB Gaming Monitor Review,https://ca.ign.com/articles/2019/04/24/viotek-gft27db-gaming-monitor-review,2019-04-24T14:29:59Z,NVDA,0
,Pcgamer.com,No Man's Sky boosts AMD performance with Vulkan API support,https://www.pcgamer.com/no-mans-sky-boosts-amd-performance-with-vulkan-api-support/,2019-04-18T18:24:16Z,NVDA,0
,Kdnuggets.com,The Rise of Generative Adversarial Networks,https://www.kdnuggets.com/2019/04/rise-generative-adversarial-networks.html,2019-04-19T15:30:33Z,NVDA,0
,Seekingalpha.com,Intel Earnings Are Not What They Seem To Be,https://seekingalpha.com/article/4257738-intel-earnings-seem,2019-04-29T17:52:23Z,NVDA,0
,Distrowatch.com,Distribution Release: Pop!_OS 19.04,https://distrowatch.com/?newsid=10528,2019-04-20T14:36:56Z,NVDA,0
,Gizmodo.com.au,Asus Basically Overhauled Its Entire Gaming Laptop Lineup With Faster Everything,https://www.gizmodo.com.au/2019/04/asus-zephyrus-s-gx502-hands-on-basically-overhauled-its-entire-gaming-laptop-lineup-with-faster-everything/,2019-04-29T07:00:00Z,NVDA,0
,Firstpost.com,"Qualcomm aims to take on Nvidia, Intel with new AI chips",https://www.firstpost.com/tech/news-analysis/qualcomm-aims-to-take-on-nvidia-intel-with-new-ai-chips-6419731.html,2019-04-10T01:36:36Z,NVDA,0
,Windows.com,ASUS announces a lineup of new and refreshed ROG gaming laptops,https://blogs.windows.com/windowsexperience/2019/04/23/asus-announces-a-lineup-of-new-and-refreshed-rog-gaming-laptops/,2019-04-23T13:00:20Z,NVDA,0
,Vice News,How to Turn a Windows Laptop Into the Touchscreen Hackintosh of Your Dreams,https://motherboard.vice.com/en_us/article/8xznw4/how-to-make-a-hackintosh-laptop,2019-04-26T19:00:03Z,NVDA,0
,Computerworld.com,"IDG Contributor Network: How AR, the cloud and AI could change the courtroom experience for the better",https://www.computerworld.com/article/3387417/how-ar-the-cloud-and-ai-could-change-the-courtroom-experience-for-the-better.html,2019-04-05T12:40:00Z,NVDA,0
,Yahoo.com,5 Reasons Why Investors Should Believe the Artificial Intelligence Hype,https://finance.yahoo.com/news/5-reasons-why-investors-believe-111500265.html,2019-04-13T11:15:00Z,NVDA,0
,Adafruit.com,"ICYMI: New EduBlocks, new Python-powered boards, and stellar reviews of PyPortal! #Python #Adafruit #CircuitPython @circuitpython @micropython @ThePSF @Adafruit",https://blog.adafruit.com/2019/04/24/icymi-new-edublocks-new-python-powered-boards-and-stellar-reviews-of-pyportal-python-adafruit-circuitpython-circuitpython-micropython-thepsf-adafruit/,2019-04-24T13:30:55Z,NVDA,0
,Adafruit.com,"ICYMI: Python on USB hubs, the joys of using Python on embedded devices and more! #Python #Adafruit #CircuitPython @circuitpython @micropython @ThePSF @Adafruit",https://blog.adafruit.com/2019/04/10/icymi-python-on-usb-hubs-the-joys-of-using-python-on-embedded-devices-and-more-python-adafruit-circuitpython-circuitpython-micropython-thepsf-adafruit/,2019-04-10T13:30:49Z,NVDA,0
